filename,width,height,class,xmin,ymin,xmax,ymax
image-707-5_jpg.rf.ebf3daa42b18514de74991b5ec10757e.jpg,640,640,number-of-bus,321,139,370,184
image-105-30_jpg.rf.ec03952861975c4994c68e0af649198b.jpg,640,640,number-of-bus,356,396,383,433
image-517-27_jpg.rf.ec183c1046c1fd855f5a4311d0b0373a.jpg,640,640,number-of-bus,221,296,238,330
image-517-27_jpg.rf.ec183c1046c1fd855f5a4311d0b0373a.jpg,640,640,number-of-bus,383,345,404,367
image-201-12_jpg.rf.ece2d722e4a7f4581e5008fed29d8452.jpg,640,640,number-of-bus,57,327,68,348
image-417-427_jpg.rf.ecf9f210c6e183b72c161159debda3f0.jpg,640,640,number-of-bus,195,281,225,315
image-562-117_jpg.rf.eda2a2a36285a9e902f2bf743e181250.jpg,640,640,number-of-bus,339,173,356,196
image-788-24_jpg.rf.edbba59f850de56fabeebe54a396898a.jpg,640,640,number-of-bus,309,245,331,273
image-788-24_jpg.rf.edbba59f850de56fabeebe54a396898a.jpg,640,640,number-of-bus,215,317,225,340
image-548-17_jpg.rf.eea1021a463766fe3e43423b9e74bc33.jpg,640,640,number-of-bus,320,470,328,479
image-548-17_jpg.rf.eea1021a463766fe3e43423b9e74bc33.jpg,640,640,number-of-bus,247,448,252,466
image-35-11_jpg.rf.f3bb50793f799fcb65f43ba0a1ba6337.jpg,640,640,number-of-bus,306,252,324,283
image-267-95_jpg.rf.eea66c3087cabdab8483d18968df5e11.jpg,640,640,number-of-bus,319,377,333,394
image-393-22_jpg.rf.f2fdcbbf06f14e69740c7a9197ea2c04.jpg,640,640,number-of-bus,296,337,307,350
image-786-59_jpg.rf.ee36f449359ab6e68a8c90f6a51482bc.jpg,640,640,number-of-bus,205,183,250,224
image-249-11_jpg.rf.ec958f92ecee0be7492fc051497ac5a4.jpg,640,640,number-of-bus,330,355,359,389
image-719-35_jpg.rf.f12bd78e7adcb54c5c38710eec37781a.jpg,640,640,number-of-bus,153,187,194,213
image-58-11_jpg.rf.eccdbdbfe1997a3da7068b86bdf57f8f.jpg,640,640,number-of-bus,76,192,103,231
image-122-90_jpg.rf.eb8d97f9d81b616b702b899bca5e1512.jpg,640,640,number-of-bus,201,240,210,266
image-122-90_jpg.rf.eb8d97f9d81b616b702b899bca5e1512.jpg,640,640,number-of-bus,410,194,439,226
image-703-30_jpg.rf.efb6bd97c5c468f613ad821d21d642cc.jpg,640,640,number-of-bus,321,288,336,307
image-340-46_jpg.rf.f075fd2b7c2867780a8d397f9374f069.jpg,640,640,number-of-bus,261,286,277,309
image-785-173_jpg.rf.ef27a36e158939fba787a589d26c1c66.jpg,640,640,number-of-bus,294,198,330,226
image-584-39_jpg.rf.ee1f80088771a3b56756d691391a1a7b.jpg,640,640,number-of-bus,364,180,386,201
image-107-30_jpg.rf.f1a46ac9353e084e9aab07381c9f820a.jpg,640,640,number-of-bus,343,395,368,432
image-107-30_jpg.rf.f1a46ac9353e084e9aab07381c9f820a.jpg,640,640,number-of-bus,399,207,420,237
image-745-325_jpg.rf.ef87adb00c57a51a9f232077cb416130.jpg,640,640,number-of-bus,283,231,316,250
image-745-325_jpg.rf.ef87adb00c57a51a9f232077cb416130.jpg,640,640,number-of-bus,296,258,316,275
image-489-6_jpg.rf.ecf9335ce35d73d73c9267bde3e0180a.jpg,640,640,number-of-bus,117,343,127,385
image-554-12_jpg.rf.f34910d1523c6590e2c9660dbef04d40.jpg,640,640,number-of-bus,171,326,182,341
image-567-530_jpg.rf.f09672fab6870c85c52174b003248009.jpg,640,640,number-of-bus,134,384,145,397
image-715-262_jpg.rf.f676ca106398a30ff2a7308b5456523c.jpg,640,640,number-of-bus,466,304,488,332
image-715-262_jpg.rf.f676ca106398a30ff2a7308b5456523c.jpg,640,640,number-of-bus,317,284,334,318
image-756-46_jpg.rf.f4fa3edaf21c3df4184b686880f46c4c.jpg,640,640,number-of-bus,277,387,295,413
image-91-90_jpg.rf.f661312f276471ae1a4f02aacf18bd56.jpg,640,640,number-of-bus,392,235,428,287
image-375-171_jpg.rf.f76f4454035bd8b173cb148f15551fe8.jpg,640,640,number-of-bus,301,384,321,403
image-98-6_jpg.rf.f9774c2adf0fae8e9e3e6ed9bf6efbe0.jpg,640,640,number-of-bus,239,254,265,313
image-507-11_jpg.rf.f914b3f6b7e7e3c3d35266721f154af3.jpg,640,640,number-of-bus,212,285,232,313
image-507-11_jpg.rf.f914b3f6b7e7e3c3d35266721f154af3.jpg,640,640,number-of-bus,168,293,178,310
image-180-46_jpg.rf.f92647b96212961e3b2a587aa503e452.jpg,640,640,number-of-bus,335,357,359,382
image-180-46_jpg.rf.f92647b96212961e3b2a587aa503e452.jpg,640,640,number-of-bus,250,291,268,311
image-97-90_jpg.rf.f9e96c279b594780a96413bfcdbd9a8f.jpg,640,640,number-of-bus,243,274,262,298
image-97-90_jpg.rf.f9e96c279b594780a96413bfcdbd9a8f.jpg,640,640,number-of-bus,403,261,436,298
image-336-27_jpg.rf.fb0568129103d8bee80f02db3148300f.jpg,640,640,number-of-bus,132,342,146,375
image-310-217_jpg.rf.fb96007bea91e4c1c7de1b28d87adfa2.jpg,640,640,number-of-bus,310,99,345,132
image-110-30_jpg.rf.fb1d1438d8db6e45d8968d205aa3992e.jpg,640,640,number-of-bus,115,373,133,404
image-110-30_jpg.rf.fb1d1438d8db6e45d8968d205aa3992e.jpg,640,640,number-of-bus,175,190,197,217
image-295-15_jpg.rf.fb3a58bf9e0b3dd0f0d2a68becdc2ad5.jpg,640,640,number-of-bus,214,375,219,392
image-295-15_jpg.rf.fb3a58bf9e0b3dd0f0d2a68becdc2ad5.jpg,640,640,number-of-bus,389,342,403,371
image-385-218_jpg.rf.fbe55e420baf3a1bdc198083e6a0c3ab.jpg,640,640,number-of-bus,279,347,296,362
image-385-218_jpg.rf.fbe55e420baf3a1bdc198083e6a0c3ab.jpg,640,640,number-of-bus,222,435,233,449
image-452-8_jpg.rf.fc8ca6212d3b426c24c537058bfe06e3.jpg,640,640,number-of-bus,338,421,348,441
image-500-28_jpg.rf.fd2ff604c70e108b40a69bb2c5a7679e.jpg,640,640,number-of-bus,366,438,382,455
image-500-28_jpg.rf.fd2ff604c70e108b40a69bb2c5a7679e.jpg,640,640,number-of-bus,365,327,383,354
image-755-42_jpg.rf.fd3d5d4077582359ea19292f2ddd550d.jpg,640,640,number-of-bus,330,245,356,273
image-163-20_jpg.rf.fd409b0afc1b85079cf29921b236dcc4.jpg,640,640,number-of-bus,353,407,365,428
image-482-55_jpg.rf.fd54bca670c8ca7e6b5b2530c15d4737.jpg,640,640,number-of-bus,303,343,342,401
image-315-266_jpg.rf.fdabae0deeac693048151dda4737b58b.jpg,640,640,number-of-bus,356,311,373,336
image-315-266_jpg.rf.fdabae0deeac693048151dda4737b58b.jpg,640,640,number-of-bus,351,289,361,306
image-315-266_jpg.rf.fdabae0deeac693048151dda4737b58b.jpg,640,640,number-of-bus,169,343,176,363
image-50-11_jpg.rf.fe66875a5e014952765b517fc0febf00.jpg,640,640,number-of-bus,158,263,188,298
image-396-22_jpg.rf.ff7029e8bb154d6fd123f2b11817b1f7.jpg,640,640,number-of-bus,308,274,324,297
image-299-139_jpg.rf.fed85491189bba64921d333fa8f16f4f.jpg,640,640,number-of-bus,276,241,295,263
image-299-139_jpg.rf.fed85491189bba64921d333fa8f16f4f.jpg,640,640,number-of-bus,285,269,319,295
image-702-92_jpg.rf.ffc6d3d1fcd1bcb1e96408cb95c12b73.jpg,640,640,number-of-bus,336,255,352,278
image-702-92_jpg.rf.ffc6d3d1fcd1bcb1e96408cb95c12b73.jpg,640,640,number-of-bus,267,339,288,375
image-60-284_jpg.rf.fff70e76af5e0ee1fda8be448e7f34ac.jpg,640,640,number-of-bus,232,98,299,174
image-743-35_jpg.rf.016c41ec6e45c56ab64874803cb74cbf.jpg,640,640,number-of-bus,230,287,253,315
image-743-35_jpg.rf.016c41ec6e45c56ab64874803cb74cbf.jpg,640,640,number-of-bus,212,330,224,349
image-466-8_jpg.rf.0039280b77b01ded1745a14e72f36632.jpg,640,640,number-of-bus,399,183,417,219
image-466-8_jpg.rf.0039280b77b01ded1745a14e72f36632.jpg,640,640,number-of-bus,359,393,375,427
image-6-53_jpg.rf.02723f0c1bcbfe7bde96a0e6fed87b71.jpg,640,640,number-of-bus,284,231,314,273
image-477-15_jpg.rf.02b9aedfbaff24bfebbe675717348387.jpg,640,640,number-of-bus,362,384,385,421
image-198-8_jpg.rf.03cb705b940259c20aa6c7efa14ccf06.jpg,640,640,number-of-bus,323,283,341,308
image-380-125_jpg.rf.02df326bb7b5f3381f76d8f31c3b5a21.jpg,640,640,number-of-bus,203,355,226,386
image-71-36_jpg.rf.05b8df22994b40f604f3dd9bc6b96aa0.jpg,640,640,number-of-bus,274,356,298,386
image-552-15_jpg.rf.0436c1315d7c4782aa7fa870cbcbd4c3.jpg,640,640,number-of-bus,287,334,308,357
image-279-108_jpg.rf.068e3d1b94cab26020f2bcbe6c957153.jpg,640,640,number-of-bus,317,232,342,255
image-547-17_jpg.rf.0695c0ca4349b3d5169c0adcaea2afd0.jpg,640,640,number-of-bus,194,376,199,396
image-547-17_jpg.rf.0695c0ca4349b3d5169c0adcaea2afd0.jpg,640,640,number-of-bus,287,390,301,410
image-547-17_jpg.rf.0695c0ca4349b3d5169c0adcaea2afd0.jpg,640,640,number-of-bus,320,318,328,333
image-226-95_jpg.rf.07c56cbcc95f07c5c85373a5b758b302.jpg,640,640,number-of-bus,369,439,382,461
image-234-46_jpg.rf.07daf0f9544d92dbd1499212c3013f0c.jpg,640,640,number-of-bus,245,318,257,332
image-245-275_jpg.rf.07e68edbe8f2f4dd15023c29493baebe.jpg,640,640,number-of-bus,419,295,436,313
image-748-325_jpg.rf.087c0d74912d61ba062a39fa983e3238.jpg,640,640,number-of-bus,215,173,262,200
image-748-325_jpg.rf.087c0d74912d61ba062a39fa983e3238.jpg,640,640,number-of-bus,222,213,253,238
image-458-67_jpg.rf.0975e47bb2421b08045a60bbcf70cd95.jpg,640,640,number-of-bus,406,407,435,440
image-467-8_jpg.rf.09a66a4476af0f31c6a3e298da6eff34.jpg,640,640,number-of-bus,244,234,259,261
image-467-8_jpg.rf.09a66a4476af0f31c6a3e298da6eff34.jpg,640,640,number-of-bus,183,398,196,426
image-169-36_jpg.rf.0a5fb6e6005b89d01ef81dcccd11ca49.jpg,640,640,number-of-bus,284,397,304,426
image-12-53_jpg.rf.0a726896a7026dfde318f2a2f3c59c81.jpg,640,640,number-of-bus,96,110,136,168
image-753-262_jpg.rf.0b5efdfade52f8c7dbdc054ad38bea16.jpg,640,640,number-of-bus,86,191,122,212
image-753-262_jpg.rf.0b5efdfade52f8c7dbdc054ad38bea16.jpg,640,640,number-of-bus,95,213,123,240
image-152-99_jpg.rf.0bcc489f7460209072d04a61976f2dd3.jpg,640,640,number-of-bus,307,341,344,377
image-152-99_jpg.rf.0bcc489f7460209072d04a61976f2dd3.jpg,640,640,number-of-bus,252,240,274,267
image-476-40_jpg.rf.0c18d93fd94fa94f3a5323f48765a19f.jpg,640,640,number-of-bus,253,392,275,421
image-268-159_jpg.rf.0c4da2e56f326f2996a957ff029cfb8a.jpg,640,640,number-of-bus,210,273,234,293
image-85-90_jpg.rf.0d51bbc9e40dcb5edc5e5808d8bbacf2.jpg,640,640,number-of-bus,307,254,330,294
image-31-90_jpg.rf.0e7b9bedeebe7d167cfc0d9d38442133.jpg,640,640,number-of-bus,347,205,375,251
image-61-90_png.rf.0e91f98f07ca4ba59b54b9e4b58ed76f.jpg,640,640,number-of-bus,317,219,349,270
image-771-26_jpg.rf.0ec7b1be979eaf200c549f4a0bf23b2e.jpg,640,640,number-of-bus,201,261,214,290
image-771-26_jpg.rf.0ec7b1be979eaf200c549f4a0bf23b2e.jpg,640,640,number-of-bus,198,365,214,398
image-498-33_jpg.rf.0f4bc725da5fa1ef27f1143992597817.jpg,640,640,number-of-bus,336,355,361,388
image-795-24_jpg.rf.0fb58b74933fa4aa3e721b8a45ed94bb.jpg,640,640,number-of-bus,305,209,325,235
image-373-122_jpg.rf.10f6bf8694dd2ea9b445e7e6a8639bd5.jpg,640,640,number-of-bus,213,344,235,364
image-190-148_jpg.rf.108936b9b2be66f02d23bf812036b7ef.jpg,640,640,number-of-bus,325,153,361,186
image-190-148_jpg.rf.108936b9b2be66f02d23bf812036b7ef.jpg,640,640,number-of-bus,206,178,216,201
image-706-15_jpg.rf.11e998bc6222245ea8ec4bee1823838a.jpg,640,640,number-of-bus,298,274,324,299
image-736-262_jpg.rf.1327972a2dc98827b0c02a46058a0940.jpg,640,640,number-of-bus,258,268,292,295
image-736-262_jpg.rf.1327972a2dc98827b0c02a46058a0940.jpg,640,640,number-of-bus,266,315,288,337
image-709-262_jpg.rf.13ad6c8ad52419cf993e34088a9ff7f8.jpg,640,640,number-of-bus,280,169,325,197
image-709-262_jpg.rf.13ad6c8ad52419cf993e34088a9ff7f8.jpg,640,640,number-of-bus,270,233,301,256
image-443-413_jpg.rf.13c983f6ae15a4dfc585074f37a08b55.jpg,640,640,number-of-bus,288,350,311,362
image-419-427_jpg.rf.148e53df1fd0d2aa86d7e59a798c17e4.jpg,640,640,number-of-bus,418,416,434,444
image-419-427_jpg.rf.148e53df1fd0d2aa86d7e59a798c17e4.jpg,640,640,number-of-bus,221,443,229,461
image-367-171_jpg.rf.14dac3c78164fe3cb0d21b8c48825f98.jpg,640,640,number-of-bus,426,192,445,217
image-367-171_jpg.rf.14dac3c78164fe3cb0d21b8c48825f98.jpg,640,640,number-of-bus,174,294,190,342
image-561-530_jpg.rf.15d59fcd3410d27e3989fa5070850706.jpg,640,640,number-of-bus,309,351,323,367
image-478-67_jpg.rf.16c47b2c89c99922721529ac0c5d529f.jpg,640,640,number-of-bus,325,391,345,422
image-261-16_jpg.rf.16ce30945a76d3d8a565ece8c21bbdd8.jpg,640,640,number-of-bus,201,255,218,277
image-738-5_jpg.rf.17dca97a99d82895565e1d59e10f5a13.jpg,640,640,number-of-bus,256,255,273,285
image-384-248_jpg.rf.195ee7eb17d46832dd18f5e89e46cc6d.jpg,640,640,number-of-bus,241,309,263,339
image-384-248_jpg.rf.195ee7eb17d46832dd18f5e89e46cc6d.jpg,640,640,number-of-bus,337,346,358,365
image-257-72_jpg.rf.1a2e8038d7c580b93ed45fe79311bc6b.jpg,640,640,number-of-bus,340,356,357,375
image-505-55_jpg.rf.1af37cdd8f1ed5530998db4770ea4779.jpg,640,640,number-of-bus,274,416,288,435
image-7-53_jpg.rf.1b30adc941ca2557fc1c18fb503f097d.jpg,640,640,number-of-bus,196,265,211,293
image-549-21_jpg.rf.1be291cc7e272848a5b81ff92244de51.jpg,640,640,number-of-bus,304,396,317,416
image-549-21_jpg.rf.1be291cc7e272848a5b81ff92244de51.jpg,640,640,number-of-bus,262,380,270,412
image-512-27_jpg.rf.1c5ca20e50a2b8c89d664e25a386c233.jpg,640,640,number-of-bus,354,324,375,356
image-206-24_jpg.rf.1ca66d760ca4a5957f834d44582b5dad.jpg,640,640,number-of-bus,347,216,379,250
image-569-502_jpg.rf.1e07c7e51299e0374363919fdf349262.jpg,640,640,number-of-bus,396,329,419,349
image-569-502_jpg.rf.1e07c7e51299e0374363919fdf349262.jpg,640,640,number-of-bus,220,317,233,337
image-322-266_jpg.rf.1f8b7808a559f5de797684473619a9d4.jpg,640,640,number-of-bus,299,177,325,214
image-403-129_jpg.rf.1fdc4abc7ed0b7bb77befb3e22f65a75.jpg,640,640,number-of-bus,295,429,316,455
image-403-129_jpg.rf.1fdc4abc7ed0b7bb77befb3e22f65a75.jpg,640,640,number-of-bus,354,164,385,203
image-190-907_jpg.rf.2190dade646cbc884985cd476b3e4cc0.jpg,640,640,number-of-bus,429,255,458,277
image-744-325_jpg.rf.21c074a77acacd55e317916796e2275c.jpg,640,640,number-of-bus,195,241,227,261
image-744-325_jpg.rf.21c074a77acacd55e317916796e2275c.jpg,640,640,number-of-bus,201,270,220,292
image-255-39_jpg.rf.21e58152b02accabab84ef839e120371.jpg,640,640,number-of-bus,200,185,234,220
image-369-171_jpg.rf.2232f253f562d226149d5652415f333d.jpg,640,640,number-of-bus,320,382,342,402
image-369-171_jpg.rf.2232f253f562d226149d5652415f333d.jpg,640,640,number-of-bus,362,384,378,401
image-424-903_jpg.rf.22eac5c8c5c321659265d1e1bd7fc926.jpg,640,640,number-of-bus,306,392,324,416
image-424-903_jpg.rf.22eac5c8c5c321659265d1e1bd7fc926.jpg,640,640,number-of-bus,327,409,336,420
image-490-26_jpg.rf.231e6007c2718717f28bcf99b38236d6.jpg,640,640,number-of-bus,321,384,343,418
image-25-11_jpg.rf.23a878d1393cb27dc3ca642d8f1292df.jpg,640,640,number-of-bus,292,212,325,256
image-148-55_jpg.rf.2378cb61b185d6be5725d12f6b068f6f.jpg,640,640,number-of-bus,295,214,320,240
image-714-262_jpg.rf.24de95b5f7b66eaef9cfda08604efa48.jpg,640,640,number-of-bus,302,272,334,293
image-714-262_jpg.rf.24de95b5f7b66eaef9cfda08604efa48.jpg,640,640,number-of-bus,312,314,336,337
image-276-68_jpg.rf.2548c7fc0d687463f22def27def66506.jpg,640,640,number-of-bus,351,137,383,181
image-313-2_jpg.rf.254c7117c80c21f18d8d606796a98ffc.jpg,640,640,number-of-bus,277,342,295,377
image-427-84_jpg.rf.269f574dcbcdd81f41827dd9d99271fb.jpg,640,640,number-of-bus,361,359,384,397
image-747-753_jpg.rf.26d71672148e2df6a4e2e1661e7ca27b.jpg,640,640,number-of-bus,252,237,278,266
image-747-753_jpg.rf.26d71672148e2df6a4e2e1661e7ca27b.jpg,640,640,number-of-bus,251,281,273,301
image-392-524_jpg.rf.26afcd4bcfe1332aa665232f4432881a.jpg,640,640,number-of-bus,242,341,259,358
image-92-246_jpg.rf.278ef3c77270b1ae436643e38550bf3b.jpg,640,640,number-of-bus,117,402,134,439
image-794-210_jpg.rf.27aeff8f6e62cd3389f0be178c6a5e96.jpg,640,640,number-of-bus,212,331,250,372
image-217-22_jpg.rf.29552767ccb76963ba842593b8c625bd.jpg,640,640,number-of-bus,344,303,369,328
image-513-27_jpg.rf.285cec3b2097fd1d045e49786fbf0ba0.jpg,640,640,number-of-bus,214,258,230,300
image-513-27_jpg.rf.285cec3b2097fd1d045e49786fbf0ba0.jpg,640,640,number-of-bus,367,307,392,336
image-42-11_jpg.rf.2a2c17e8b8cc91c36c5c897a8657860c.jpg,640,640,number-of-bus,305,145,345,200
image-432-45_jpg.rf.2b3e55a84899bffb749c933ea83683e3.jpg,640,640,number-of-bus,286,268,300,282
image-432-45_jpg.rf.2b3e55a84899bffb749c933ea83683e3.jpg,640,640,number-of-bus,293,321,310,345
image-296-15_jpg.rf.2b561906f596fd9dfbe3f440b183e798.jpg,640,640,number-of-bus,376,233,397,271
image-39-6_jpg.rf.2c520b81024efd51b8312c2b7399ab65.jpg,640,640,number-of-bus,315,49,344,101
image-397-22_jpg.rf.2c834a3bce478f1f41e82889029b8606.jpg,640,640,number-of-bus,220,277,235,295
image-514-27_jpg.rf.2dacf0ff1379593ce51a3edc47eff675.jpg,640,640,number-of-bus,209,389,224,411
image-48-90_jpg.rf.2dc2c23ec3ee771e230be4f067089bac.jpg,640,640,number-of-bus,437,145,478,195
image-64-284_jpg.rf.2db55c1ff119fb9f1e1fed634950f79e.jpg,640,640,number-of-bus,145,254,177,301
image-64-284_jpg.rf.2db55c1ff119fb9f1e1fed634950f79e.jpg,640,640,number-of-bus,149,311,168,331
image-290-15_jpg.rf.2de2d3a0a053022cc2e33ba22df0f749.jpg,640,640,number-of-bus,330,215,351,251
image-294-15_jpg.rf.2e5efc3616a55e8a512df960406cc091.jpg,640,640,number-of-bus,147,386,158,408
image-311-67_jpg.rf.2f23ea36d878b8aafb80779c63e5289c.jpg,640,640,number-of-bus,274,170,304,213
image-311-67_jpg.rf.2f23ea36d878b8aafb80779c63e5289c.jpg,640,640,number-of-bus,149,296,157,326
image-583-39_jpg.rf.2f7f3eb9ed85ec8bc9a7aaca892b586b.jpg,640,640,number-of-bus,355,212,374,234
image-183-46_jpg.rf.2fbb95bbc8c35f31c89ebf599b83a499.jpg,640,640,number-of-bus,308,326,324,347
image-183-46_jpg.rf.2fbb95bbc8c35f31c89ebf599b83a499.jpg,640,640,number-of-bus,227,383,234,405
image-555-20_jpg.rf.2fda733a4b2c0ddca892fd4fa0321170.jpg,640,640,number-of-bus,224,298,236,314
image-415-127_jpg.rf.303add4d18803a8f920f519b9cc2a2df.jpg,640,640,number-of-bus,420,158,464,208
image-339-46_jpg.rf.30a0ae85bd038822f2c80b8131bb6f38.jpg,640,640,number-of-bus,298,357,312,373
image-339-46_jpg.rf.30a0ae85bd038822f2c80b8131bb6f38.jpg,640,640,number-of-bus,285,329,303,346
image-758-46_jpg.rf.3211993e8f017d51e864f1314bd0c9e8.jpg,640,640,number-of-bus,307,401,325,426
image-189-740_jpg.rf.3358a9986c96eeca0601b07af75a307c.jpg,640,640,number-of-bus,314,107,357,146
image-460-67_jpg.rf.32c5e75d32fe45898d50d7078b04552b.jpg,640,640,number-of-bus,386,411,407,460
image-349-46_jpg.rf.33a68e118b498001e6e738e547ca8ad7.jpg,640,640,number-of-bus,276,333,289,348
image-171-99_jpg.rf.33e807db01c16b8ef24c4e714f8e1020.jpg,640,640,number-of-bus,226,179,254,208
image-28-11_jpg.rf.343010106387c7e49292faddbc826270.jpg,640,640,number-of-bus,174,296,198,330
image-5-6_jpg.rf.363680fae1db1479bbff2c1272ac7766.jpg,640,640,number-of-bus,220,99,254,148
image-116-24_jpg.rf.3669438804d6747e3e3609b815dc5c67.jpg,640,640,number-of-bus,382,177,404,206
image-116-24_jpg.rf.3669438804d6747e3e3609b815dc5c67.jpg,640,640,number-of-bus,277,383,299,409
image-253-39_jpg.rf.370abb245233f3ba995494f67c29dd15.jpg,640,640,number-of-bus,164,430,174,448
image-565-530_jpg.rf.379af35aebc64a32ff08f6ad6ce2f17b.jpg,640,640,number-of-bus,285,300,298,314
image-447-5_jpg.rf.38776fb612537a6a178a6da6cca7ccf5.jpg,640,640,number-of-bus,245,294,261,318
image-447-5_jpg.rf.38776fb612537a6a178a6da6cca7ccf5.jpg,640,640,number-of-bus,198,237,209,254
image-165-26_jpg.rf.37d83a8e882a52b2c201e5674142476e.jpg,640,640,number-of-bus,360,342,392,370
image-165-26_jpg.rf.37d83a8e882a52b2c201e5674142476e.jpg,640,640,number-of-bus,278,248,300,272
image-536-28_jpg.rf.38d96152f9186eff88a250b86b69fc4e.jpg,640,640,number-of-bus,235,283,263,319
image-41-53_jpg.rf.38dfbeda487801eb9d497ab32bbcd1e2.jpg,640,640,number-of-bus,162,214,187,251
image-731-5_jpg.rf.3962e8543ac4ddfc9576c362344203c9.jpg,640,640,number-of-bus,256,143,288,189
image-731-5_jpg.rf.3962e8543ac4ddfc9576c362344203c9.jpg,640,640,number-of-bus,265,280,282,315
image-598-92_jpg.rf.3a203d85b7afd8f1b5039236d66fbedb.jpg,640,640,number-of-bus,384,174,408,201
image-327-266_jpg.rf.3af02169438799893826b3f435283db1.jpg,640,640,number-of-bus,263,230,279,250
image-484-24_jpg.rf.3b7698a7251113ac11ce42a8fca096dc.jpg,640,640,number-of-bus,293,438,307,460
image-775-20_jpg.rf.3c1075656a80abcd483eac06aff0e8c0.jpg,640,640,number-of-bus,406,191,428,230
image-710-262_jpg.rf.3c1ef45cdf07002df408aabd0b224b51.jpg,640,640,number-of-bus,256,341,278,353
image-710-262_jpg.rf.3c1ef45cdf07002df408aabd0b224b51.jpg,640,640,number-of-bus,259,365,271,378
image-43-246_jpg.rf.3c3e180bcad3aca11cea55964daa1191.jpg,640,640,number-of-bus,152,151,193,203
image-496-33_jpg.rf.3d51c1ee58af26bb7a072ae9ecb9aab7.jpg,640,640,number-of-bus,357,420,368,440
image-181-139_jpg.rf.3c91947636cbf6f41bfeecc2831af313.jpg,640,640,number-of-bus,212,265,234,291
image-537-96_jpg.rf.3cbce2a2666a082c0ef28e1c191e7c63.jpg,640,640,number-of-bus,260,329,274,348
image-537-96_jpg.rf.3cbce2a2666a082c0ef28e1c191e7c63.jpg,640,640,number-of-bus,258,419,266,431
image-307-217_jpg.rf.3e3038aaee5a9459dceffe898f6d35b9.jpg,640,640,number-of-bus,153,281,167,309
image-251-3_jpg.rf.3ea4ff950ce7369036460473fd44f0b9.jpg,640,640,number-of-bus,412,365,433,400
image-752-262_jpg.rf.40d76759e6ed095537ad60a2390cdd1a.jpg,640,640,number-of-bus,349,436,372,457
image-530-115_jpg.rf.40a99698af73328ab28ec5b1ac0e76ae.jpg,640,640,number-of-bus,256,320,279,354
image-75-284_jpg.rf.40e1b7c5b272767ee261e54c5fe6574e.jpg,640,640,number-of-bus,344,345,371,378
image-212-100_jpg.rf.412e7fe06dcf2451e12562996228460b.jpg,640,640,number-of-bus,193,380,206,393
image-217-8_jpg.rf.41623bf6c04034d84bf2b8aa1450a78a.jpg,640,640,number-of-bus,332,369,345,386
image-420-83_jpg.rf.41a46fef75a49390d3d1930d4469d13b.jpg,640,640,number-of-bus,312,370,329,386
image-420-83_jpg.rf.41a46fef75a49390d3d1930d4469d13b.jpg,640,640,number-of-bus,381,375,396,393
image-193-907_jpg.rf.42664956d35c315a467a4bd47782e5a4.jpg,640,640,number-of-bus,388,234,420,264
image-231-8_jpg.rf.42ba3f3869eb9ea9575c2c43ffe6beeb.jpg,640,640,number-of-bus,451,326,465,349
image-520-27_jpg.rf.42d025370a6a035b5044b02e2e999995.jpg,640,640,number-of-bus,218,336,238,361
image-506-37_jpg.rf.4347629c64106cb6a4fc83893622fa86.jpg,640,640,number-of-bus,116,227,139,261
image-506-37_jpg.rf.4347629c64106cb6a4fc83893622fa86.jpg,640,640,number-of-bus,90,397,104,423
image-765-45_jpg.rf.435d46fbdf1710d90ab5e3d721f6c691.jpg,640,640,number-of-bus,214,262,243,307
image-121-90_jpg.rf.438b96f255a40984693955c1a37614d2.jpg,640,640,number-of-bus,177,248,207,284
image-462-18_jpg.rf.453de4005c0f65d87aaeda77cc1e9581.jpg,640,640,number-of-bus,209,257,226,277
image-149-83_jpg.rf.47f8f0a85eb767fb8f3d8aadcd476ec4.jpg,640,640,number-of-bus,266,341,291,369
image-149-83_jpg.rf.47f8f0a85eb767fb8f3d8aadcd476ec4.jpg,640,640,number-of-bus,218,240,238,265
image-572-123_jpg.rf.45be447f178fdaf0357450b1bb59da07.jpg,640,640,number-of-bus,309,320,325,336
image-195-100_jpg.rf.4829f2b0aab372e0b3f80303b844db42.jpg,640,640,number-of-bus,155,312,174,334
image-474-8_jpg.rf.484d19130747f50e77887a7e9688f99b.jpg,640,640,number-of-bus,123,356,136,387
image-353-139_jpg.rf.48bf25e81f15a684f37d2149a82ccfa8.jpg,640,640,number-of-bus,300,202,320,227
image-353-139_jpg.rf.48bf25e81f15a684f37d2149a82ccfa8.jpg,640,640,number-of-bus,175,303,184,333
image-10-53_jpg.rf.482a75c05e94c42092db138578a86a54.jpg,640,640,number-of-bus,184,101,236,182
image-346-46_jpg.rf.49531e1ebca6778aa7d88068ebe348da.jpg,640,640,number-of-bus,285,299,314,329
image-346-46_jpg.rf.49531e1ebca6778aa7d88068ebe348da.jpg,640,640,number-of-bus,256,227,274,245
image-573-68_jpg.rf.4997aa847467df8bde23504010fc3b8a.jpg,640,640,number-of-bus,238,313,258,347
image-95-90_jpg.rf.495b3976b9445f1d198c11a44699f0d3.jpg,640,640,number-of-bus,392,228,415,275
image-270-72_jpg.rf.4a04d5a1bb9d878fdad13c36467aa038.jpg,640,640,number-of-bus,273,296,289,316
image-229-169_jpg.rf.4b61c7e18c25aa41cf9461d487cc2a79.jpg,640,640,number-of-bus,255,177,311,228
image-492-138_jpg.rf.4c19206dbdfc0bfa8bcc918f947e18f8.jpg,640,640,number-of-bus,266,345,295,385
image-199-8_jpg.rf.4c87ba20e5d299c07342a3c691faf15e.jpg,640,640,number-of-bus,154,451,163,466
image-125-90_jpg.rf.4c8b81db77fef415c547ce8abe2cfb4a.jpg,640,640,number-of-bus,169,313,202,351
image-789-59_jpg.rf.4ca3d5535dd85905e2bf4414f64f3aef.jpg,640,640,number-of-bus,193,227,235,266
image-789-59_jpg.rf.4ca3d5535dd85905e2bf4414f64f3aef.jpg,640,640,number-of-bus,175,289,192,311
image-36-11_jpg.rf.4cda0190ffdbbf4dc449cbec083f1236.jpg,640,640,number-of-bus,199,289,210,312
image-449-45_jpg.rf.4cf3ab4087a601392ca15c63ff05d1bb.jpg,640,640,number-of-bus,287,313,313,339
image-449-45_jpg.rf.4cf3ab4087a601392ca15c63ff05d1bb.jpg,640,640,number-of-bus,173,189,187,227
image-342-205_jpg.rf.4daa0b61eef6d369186c88d8940cc34a.jpg,640,640,number-of-bus,345,222,371,264
image-342-205_jpg.rf.4daa0b61eef6d369186c88d8940cc34a.jpg,640,640,number-of-bus,157,177,177,199
image-254-39_jpg.rf.4f957d175c9aa6a78c4c4ba38e5d0d8f.jpg,640,640,number-of-bus,277,247,288,279
image-254-39_jpg.rf.4f957d175c9aa6a78c4c4ba38e5d0d8f.jpg,640,640,number-of-bus,382,190,408,221
image-185-46_jpg.rf.4fbd6dfcb56501a3e3cc816fcc21a3fb.jpg,640,640,number-of-bus,335,369,362,398
image-185-46_jpg.rf.4fbd6dfcb56501a3e3cc816fcc21a3fb.jpg,640,640,number-of-bus,265,284,284,309
image-713-262_jpg.rf.51617686c0849191ca2bf753d8a61750.jpg,640,640,number-of-bus,219,228,256,256
image-713-262_jpg.rf.51617686c0849191ca2bf753d8a61750.jpg,640,640,number-of-bus,218,285,240,308
image-282-159_jpg.rf.50acab708d22ba935bb270a7b2f3c5ac.jpg,640,640,number-of-bus,310,401,323,415
image-439-7_jpg.rf.51e1d48578ca61a0e73a723c0b537d3d.jpg,640,640,number-of-bus,193,168,213,219
image-408-127_jpg.rf.5208c753619b18285e00b11fcb826556.jpg,640,640,number-of-bus,374,345,396,375
image-408-127_jpg.rf.5208c753619b18285e00b11fcb826556.jpg,640,640,number-of-bus,364,405,379,423
image-407-427_jpg.rf.52424fdea1c0c6170ce123a5ff60740d.jpg,640,640,number-of-bus,232,366,256,404
image-749-325_jpg.rf.52b5fea57b4908761e6d49e00e84dcb2.jpg,640,640,number-of-bus,200,218,234,241
image-749-325_jpg.rf.52b5fea57b4908761e6d49e00e84dcb2.jpg,640,640,number-of-bus,206,253,231,279
image-130-77_jpg.rf.5481f1e9547ca744e812d5a40ca998be.jpg,640,640,number-of-bus,386,105,436,163
image-130-77_jpg.rf.5481f1e9547ca744e812d5a40ca998be.jpg,640,640,number-of-bus,357,302,376,336
image-434-83_jpg.rf.54b1f68d374186f14a41640122636a5f.jpg,640,640,number-of-bus,248,308,268,334
image-434-83_jpg.rf.54b1f68d374186f14a41640122636a5f.jpg,640,640,number-of-bus,252,390,268,406
image-387-218_jpg.rf.5506a71ea5f216311fe75f85b481738a.jpg,640,640,number-of-bus,360,309,388,331
image-387-218_jpg.rf.5506a71ea5f216311fe75f85b481738a.jpg,640,640,number-of-bus,422,167,449,193
image-387-218_jpg.rf.5506a71ea5f216311fe75f85b481738a.jpg,640,640,number-of-bus,180,338,192,366
image-529-22_jpg.rf.5690059ea6e623059321d9bc8973f25b.jpg,640,640,number-of-bus,250,376,268,392
image-518-27_jpg.rf.5612ec2be1bfd8b0a51cd6f59e9e47dd.jpg,640,640,number-of-bus,258,280,283,306
image-453-8_jpg.rf.56a0bd85b93a61e3875e3bc2f9fb2898.jpg,640,640,number-of-bus,423,436,435,457
image-398-128_jpg.rf.5778cd817a519bca2b0f8d298dad977d.jpg,640,640,number-of-bus,358,334,374,373
image-398-128_jpg.rf.5778cd817a519bca2b0f8d298dad977d.jpg,640,640,number-of-bus,360,406,373,424
image-20-18_jpg.rf.57e21885fba80f3b6b6f90a28f8fb79a.jpg,640,640,number-of-bus,212,93,296,185
image-386-218_jpg.rf.5813b7af5b2360dfad3c24d201fa121b.jpg,640,640,number-of-bus,365,311,389,342
image-386-218_jpg.rf.5813b7af5b2360dfad3c24d201fa121b.jpg,640,640,number-of-bus,208,230,220,256
image-151-83_jpg.rf.589365cafe9996030b83b5a8b96b4463.jpg,640,640,number-of-bus,281,331,312,364
image-151-83_jpg.rf.589365cafe9996030b83b5a8b96b4463.jpg,640,640,number-of-bus,229,210,254,248
image-350-46_jpg.rf.59cb7a774d969d2f25c7fb3f142fe7d4.jpg,640,640,number-of-bus,346,245,382,280
image-350-46_jpg.rf.59cb7a774d969d2f25c7fb3f142fe7d4.jpg,640,640,number-of-bus,257,154,278,177
image-332-266_jpg.rf.5a02c782ec6882431a3f580ebc08c7ed.jpg,640,640,number-of-bus,212,219,249,248
image-332-266_jpg.rf.5a02c782ec6882431a3f580ebc08c7ed.jpg,640,640,number-of-bus,215,191,233,212
image-516-27_jpg.rf.5aff8397c9b886a3a9a35de70a6528db.jpg,640,640,number-of-bus,217,265,236,306
image-516-27_jpg.rf.5aff8397c9b886a3a9a35de70a6528db.jpg,640,640,number-of-bus,385,312,409,339
image-237-100_jpg.rf.5c06b5602f606bd9271caf49fd4ae68f.jpg,640,640,number-of-bus,274,303,292,318
image-550-18_jpg.rf.5c9e00a79f16512ecc6c3de7982daf7c.jpg,640,640,number-of-bus,286,388,300,407
image-440-28_jpg.rf.5d8847fc9bf41cccd721586a6cecaf2e.jpg,640,640,number-of-bus,148,163,171,210
image-207-50_jpg.rf.5e10634ff532e110e3202b8746854c60.jpg,640,640,number-of-bus,321,337,336,354
image-364-218_jpg.rf.5ebd79594d0381b420e2e08b981e16b0.jpg,640,640,number-of-bus,281,332,306,357
image-304-217_jpg.rf.5ea017d33a5078c8885154530be899f6.jpg,640,640,number-of-bus,259,296,283,325
image-720-5_jpg.rf.5f1070d80bbb7817f453371c3e288609.jpg,640,640,number-of-bus,309,268,323,291
image-720-5_jpg.rf.5f1070d80bbb7817f453371c3e288609.jpg,640,640,number-of-bus,218,281,232,317
image-278-108_jpg.rf.5f2d75edf464202a763c918ec7fb9424.jpg,640,640,number-of-bus,149,322,166,341
image-519-6_jpg.rf.5ffda34fed70c9babb2b56c59ba6856f.jpg,640,640,number-of-bus,301,138,338,191
image-40-11_jpg.rf.60155344a017ac1344c09aa99e4a0d14.jpg,640,640,number-of-bus,217,65,247,107
image-382-218_jpg.rf.60566f96ba3a31e7ea9939799b1dbdba.jpg,640,640,number-of-bus,186,346,209,368
image-227-95_jpg.rf.601e5ee1c9ba4142f1cc210e322fc010.jpg,640,640,number-of-bus,288,468,297,484
image-262-96_jpg.rf.6089cbbfc8f9f7b32ba1841c992fe0cf.jpg,640,640,number-of-bus,219,296,234,315
image-412-427_jpg.rf.615e94550c9ba0540cca228b163e0ddf.jpg,640,640,number-of-bus,213,252,226,273
image-575-79_jpg.rf.619b2e1c9905722bb450a63c7d37a6c6.jpg,640,640,number-of-bus,377,171,397,196
image-259-16_jpg.rf.6167ca6b7b091fe7e2288d44ef357d82.jpg,640,640,number-of-bus,156,338,170,354
image-400-127_jpg.rf.61df0f24e8f96ededb8b09eebd24d193.jpg,640,640,number-of-bus,368,425,384,444
image-400-127_jpg.rf.61df0f24e8f96ededb8b09eebd24d193.jpg,640,640,number-of-bus,419,220,451,248
image-137-90_jpg.rf.62528f86f11ea5ef2f003885f1eaf407.jpg,640,640,number-of-bus,364,272,395,315
image-137-90_jpg.rf.62528f86f11ea5ef2f003885f1eaf407.jpg,640,640,number-of-bus,220,290,230,311
image-468-8_jpg.rf.6281874f7eeff7712b44737680657614.jpg,640,640,number-of-bus,488,262,501,288
image-468-8_jpg.rf.6281874f7eeff7712b44737680657614.jpg,640,640,number-of-bus,459,402,470,428
image-468-8_jpg.rf.6281874f7eeff7712b44737680657614.jpg,640,640,number-of-bus,318,268,327,288
image-468-8_jpg.rf.6281874f7eeff7712b44737680657614.jpg,640,640,number-of-bus,273,393,279,415
image-413-127_jpg.rf.629c4a94e271aed7582cbd5c1795f120.jpg,640,640,number-of-bus,461,155,501,197
image-425-83_jpg.rf.62cd6f77f6cb00d8464c8e5bd37eff0c.jpg,640,640,number-of-bus,238,429,250,444
image-233-95_jpg.rf.630a429144e6b2d79e66d5c5b4f65763.jpg,640,640,number-of-bus,342,354,355,368
image-176-99_jpg.rf.6311853ea63c84b3b490b6f4c29d66ee.jpg,640,640,number-of-bus,254,325,277,365
image-176-99_jpg.rf.6311853ea63c84b3b490b6f4c29d66ee.jpg,640,640,number-of-bus,225,226,241,253
image-277-162_jpg.rf.63282846938a1486d7cbafc02fa85a30.jpg,640,640,number-of-bus,316,288,343,310
image-501-137_jpg.rf.64c1d7c5d3c979c89c990f75df341b4b.jpg,640,640,number-of-bus,148,367,166,392
image-501-137_jpg.rf.64c1d7c5d3c979c89c990f75df341b4b.jpg,640,640,number-of-bus,167,234,194,266
image-390-524_jpg.rf.667f4bb68fce8d482e58f58a75c1b04c.jpg,640,640,number-of-bus,287,370,298,381
image-700-92_jpg.rf.66f11a1a6dc8e2845262f029005eb001.jpg,640,640,number-of-bus,429,214,449,235
image-454-8_jpg.rf.6704948673a87f6fe06b47f9d6697fdc.jpg,640,640,number-of-bus,140,423,154,449
image-115-34_jpg.rf.684f7543af044955b1fabd7ef9ea9be8.jpg,640,640,number-of-bus,312,370,339,420
image-232-228_jpg.rf.6922243e62b6f4dccb35003ae04ff62b.jpg,640,640,number-of-bus,375,355,388,368
image-54-53_jpg.rf.69ea0d5af79e27bb9025280276f630ca.jpg,640,640,number-of-bus,311,216,336,242
image-590-46_jpg.rf.6de235fcc9238bb5d5ed32029837abe5.jpg,640,640,number-of-bus,209,351,220,379
image-590-46_jpg.rf.6de235fcc9238bb5d5ed32029837abe5.jpg,640,640,number-of-bus,314,351,323,363
image-590-46_jpg.rf.6de235fcc9238bb5d5ed32029837abe5.jpg,640,640,number-of-bus,321,372,340,389
image-717-35_jpg.rf.6581b4a5757ccaba0e4479e873ee9f92.jpg,640,640,number-of-bus,302,269,329,304
image-464-8_jpg.rf.6bd355437ce04ef50d4810baa13e36a4.jpg,640,640,number-of-bus,159,280,171,304
image-464-8_jpg.rf.6bd355437ce04ef50d4810baa13e36a4.jpg,640,640,number-of-bus,113,417,125,439
image-248-13_jpg.rf.67e6c1a826f2daa97ee6ceeaecd3d341.jpg,640,640,number-of-bus,372,380,395,415
image-733-43_jpg.rf.6d7d821d68d04d6bc089c9d3e289dbf8.jpg,640,640,number-of-bus,191,192,225,221
image-733-43_jpg.rf.6d7d821d68d04d6bc089c9d3e289dbf8.jpg,640,640,number-of-bus,180,234,197,254
image-522-116_jpg.rf.6bb97407aeb7e7184b8fa4162727cdce.jpg,640,640,number-of-bus,220,304,241,328
image-146-83_jpg.rf.6c5535edec2126755e3f98e666866182.jpg,640,640,number-of-bus,365,339,398,370
image-146-83_jpg.rf.6c5535edec2126755e3f98e666866182.jpg,640,640,number-of-bus,278,242,303,271
image-146-83_jpg.rf.6c5535edec2126755e3f98e666866182.jpg,640,640,number-of-bus,196,322,207,347
image-318-266_jpg.rf.6da823d33cff4945db9d4db92f1ef215.jpg,640,640,number-of-bus,145,80,170,108
image-318-266_jpg.rf.6da823d33cff4945db9d4db92f1ef215.jpg,640,640,number-of-bus,184,312,287,365
image-531-160_jpg.rf.6e756ecb9fd67202c16b6d0ac4ced050.jpg,640,640,number-of-bus,132,231,163,266
image-27-11_jpg.rf.6bd110dd57654bd496ae526d270e316d.jpg,640,640,number-of-bus,282,249,316,284
image-406-428_jpg.rf.6d317fc4d76c42c2a2d9bc560fd87aea.jpg,640,640,number-of-bus,105,329,123,365
image-444-45_jpg.rf.6bb7c213d8a0564cfd5e8f906c562577.jpg,640,640,number-of-bus,279,407,293,426
image-773-116_jpg.rf.6b449c7a8afe1770d2d3421919b964bd.jpg,640,640,number-of-bus,152,206,187,230
image-486-8_jpg.rf.6ec4d8ec9bdc9170fbb37bc085fbccf7.jpg,640,640,number-of-bus,453,244,468,286
image-580-39_jpg.rf.6f25f4460f99166c36563e1bb52fd4c4.jpg,640,640,number-of-bus,343,222,361,244
image-790-52_jpg.rf.702e19faf4f68e68c0b5a8323915980f.jpg,640,640,number-of-bus,274,169,296,200
image-784-173_jpg.rf.70aab19ab5c7e95cd3faaac5c96e3077.jpg,640,640,number-of-bus,145,136,182,170
image-220-46_jpg.rf.7206594750baf10ea75ad8fc0025c35e.jpg,640,640,number-of-bus,296,317,318,344
image-32-6_jpg.rf.7342d98d79297dd0672e181024708171.jpg,640,640,number-of-bus,130,235,150,270
image-246-275_jpg.rf.757fa0760b18ee7be2a740d727912fb1.jpg,640,640,number-of-bus,474,268,494,288
image-594-92_jpg.rf.75f06076469d68df8b01e9a9c9369cae.jpg,640,640,number-of-bus,244,244,265,273
image-73-284_jpg.rf.76e3fef28987a4d4e6d2196ac2e4d588.jpg,640,640,number-of-bus,137,351,168,385
image-14-53_jpg.rf.77431884530a50dacc9dad5180743002.jpg,640,640,number-of-bus,326,141,355,181
image-563-123_jpg.rf.77b7a73176b3fc204da1cf5752b9f588.jpg,640,640,number-of-bus,293,305,306,320
image-448-5_jpg.rf.78e51783619993cf375d0880a62571b0.jpg,640,640,number-of-bus,223,345,236,366
image-448-5_jpg.rf.78e51783619993cf375d0880a62571b0.jpg,640,640,number-of-bus,206,292,215,309
image-4-53_jpg.rf.78fffed976993f129734d4684f6e0b17.jpg,640,640,number-of-bus,268,311,294,339
image-124-90_jpg.rf.7946ab14fb3c02d65a55eae0fab88b4c.jpg,640,640,number-of-bus,397,226,419,251
image-241-8_jpg.rf.79efd678d35287b92024c0d521c7c696.jpg,640,640,number-of-bus,363,348,374,366
image-241-8_jpg.rf.79efd678d35287b92024c0d521c7c696.jpg,640,640,number-of-bus,274,434,278,450
image-325-266_jpg.rf.7a214934a4d6f6347c74c2d3c1745fd1.jpg,640,640,number-of-bus,151,323,246,382
image-325-266_jpg.rf.7a214934a4d6f6347c74c2d3c1745fd1.jpg,640,640,number-of-bus,113,110,135,134
image-113-90_jpg.rf.7b575ccab682bea11f267e8ae32cbe60.jpg,640,640,number-of-bus,316,235,348,280
image-113-90_jpg.rf.7b575ccab682bea11f267e8ae32cbe60.jpg,640,640,number-of-bus,174,247,182,271
image-546-21_jpg.rf.7c4cac4fadc3a357495abbbf0a7489b4.jpg,640,640,number-of-bus,329,386,343,402
image-546-21_jpg.rf.7c4cac4fadc3a357495abbbf0a7489b4.jpg,640,640,number-of-bus,201,370,210,396
image-160-26_jpg.rf.7b6415217e59d29f9343839dcc19581b.jpg,640,640,number-of-bus,306,378,325,401
image-160-26_jpg.rf.7b6415217e59d29f9343839dcc19581b.jpg,640,640,number-of-bus,250,319,267,339
image-287-503_jpg.rf.7c874e4d35858f0250511adfe5b3428e.jpg,640,640,number-of-bus,467,194,487,222
image-450-8_jpg.rf.7d945b496ea94b3379ddb199d448d8a4.jpg,640,640,number-of-bus,438,451,453,476
image-450-8_jpg.rf.7d945b496ea94b3379ddb199d448d8a4.jpg,640,640,number-of-bus,438,451,454,478
image-168-83_jpg.rf.7dec76e4b4df86756d57567c9271cf81.jpg,640,640,number-of-bus,348,346,375,377
image-168-83_jpg.rf.7dec76e4b4df86756d57567c9271cf81.jpg,640,640,number-of-bus,264,250,285,274
image-455-8_jpg.rf.7e61d897d686b4cd07e6dc8b56eb4ce2.jpg,640,640,number-of-bus,405,414,420,441
image-737-262_jpg.rf.7f3c9c0891e8c204bf900e61f66f1030.jpg,640,640,number-of-bus,315,236,363,267
image-737-262_jpg.rf.7f3c9c0891e8c204bf900e61f66f1030.jpg,640,640,number-of-bus,323,285,349,307
image-317-266_jpg.rf.8008794d8c41485ee2b614a05a0d79c5.jpg,640,640,number-of-bus,235,239,247,253
image-167-26_jpg.rf.806d497f958d30a8613c0205e447c8e0.jpg,640,640,number-of-bus,399,286,441,317
image-167-26_jpg.rf.806d497f958d30a8613c0205e447c8e0.jpg,640,640,number-of-bus,283,137,313,173
image-504-26_jpg.rf.80d09450a3f45db6e02877a56e0e85ce.jpg,640,640,number-of-bus,352,401,377,430
image-504-26_jpg.rf.80d09450a3f45db6e02877a56e0e85ce.jpg,640,640,number-of-bus,363,169,394,217
image-732-43_jpg.rf.813c47804403ce01821abd56dd9287ee.jpg,640,640,number-of-bus,287,257,310,285
image-418-427_jpg.rf.81ef97d8df78e69aa2d10b5bce242694.jpg,640,640,number-of-bus,220,284,253,320
image-155-28_jpg.rf.82163000583b23b1ea9d5996bd18602f.jpg,640,640,number-of-bus,466,344,490,399
image-155-28_jpg.rf.82163000583b23b1ea9d5996bd18602f.jpg,640,640,number-of-bus,248,334,261,368
image-312-2_jpg.rf.824fa5778eab82accb12aa66d14d8389.jpg,640,640,number-of-bus,215,376,224,399
image-435-81_jpg.rf.829a5bdf1f06a6e189021a5c9be82673.jpg,640,640,number-of-bus,227,172,244,202
image-435-81_jpg.rf.829a5bdf1f06a6e189021a5c9be82673.jpg,640,640,number-of-bus,178,187,185,207
image-108-30_jpg.rf.82f69add76aba73b4234d7414d93122f.jpg,640,640,number-of-bus,343,365,367,398
image-108-30_jpg.rf.82f69add76aba73b4234d7414d93122f.jpg,640,640,number-of-bus,395,166,418,193
image-499-28_jpg.rf.82fd092dda5bcf3dfc5cb0878a2dc37b.jpg,640,640,number-of-bus,201,226,231,261
image-499-28_jpg.rf.82fd092dda5bcf3dfc5cb0878a2dc37b.jpg,640,640,number-of-bus,179,409,202,434
image-236-100_jpg.rf.83e5f5807df768b6d65e5186ecbd7e74.jpg,640,640,number-of-bus,184,185,216,210
image-275-226_jpg.rf.852dcbcd177c02b3afa3fad50e21d7a9.jpg,640,640,number-of-bus,370,195,403,222
image-140-90_jpg.rf.85db105d2187563be6107aea729591ac.jpg,640,640,number-of-bus,350,242,379,284
image-140-90_jpg.rf.85db105d2187563be6107aea729591ac.jpg,640,640,number-of-bus,236,262,242,286
image-333-27_jpg.rf.8634299fc5020e2bf2edbcbaf2e322f2.jpg,640,640,number-of-bus,257,171,276,214
image-532-52_jpg.rf.86b7e7d11dfcbf1708bda8c3f9e30a1e.jpg,640,640,number-of-bus,209,329,223,355
image-532-52_jpg.rf.86b7e7d11dfcbf1708bda8c3f9e30a1e.jpg,640,640,number-of-bus,185,457,193,472
image-144-90_jpg.rf.87b5a3b85c31f7e33fc52cea1d74060c.jpg,640,640,number-of-bus,320,259,360,307
image-144-90_jpg.rf.87b5a3b85c31f7e33fc52cea1d74060c.jpg,640,640,number-of-bus,205,287,215,309
image-401-128_jpg.rf.87f20abfa57d63459bfa8e46f721698f.jpg,640,640,number-of-bus,156,412,176,437
image-401-128_jpg.rf.87f20abfa57d63459bfa8e46f721698f.jpg,640,640,number-of-bus,162,296,180,323
image-159-26_jpg.rf.882e35b26448e95183d4ba96ad84cf75.jpg,640,640,number-of-bus,301,418,320,441
image-159-26_jpg.rf.882e35b26448e95183d4ba96ad84cf75.jpg,640,640,number-of-bus,257,364,272,384
image-485-44_jpg.rf.88602184f6e718a9748076437858a75f.jpg,640,640,number-of-bus,183,333,199,366
image-150-83_jpg.rf.89159d8db0e75695271005cf537ff2bf.jpg,640,640,number-of-bus,316,419,335,438
image-366-122_jpg.rf.8a3e8d37725f36206abae91ed0cb3493.jpg,640,640,number-of-bus,418,331,442,354
image-366-122_jpg.rf.8a3e8d37725f36206abae91ed0cb3493.jpg,640,640,number-of-bus,214,235,229,259
image-436-81_jpg.rf.8a231cd17466c176ac61b43b99d83a03.jpg,640,640,number-of-bus,254,193,273,222
image-436-81_jpg.rf.8a231cd17466c176ac61b43b99d83a03.jpg,640,640,number-of-bus,445,231,454,252
image-316-229_jpg.rf.8a6d0828e9116b5be02f2648c342cdca.jpg,640,640,number-of-bus,216,139,265,188
image-104-90_jpg.rf.8b345e71e29b0eb875ff3d442e56db5b.jpg,640,640,number-of-bus,360,270,380,291
image-104-90_jpg.rf.8b345e71e29b0eb875ff3d442e56db5b.jpg,640,640,number-of-bus,208,282,215,300
image-741-5_jpg.rf.8c31d2100d30a43916e5d8e2b744e8b7.jpg,640,640,number-of-bus,260,202,290,237
image-741-5_jpg.rf.8c31d2100d30a43916e5d8e2b744e8b7.jpg,640,640,number-of-bus,254,257,273,291
image-741-5_jpg.rf.8c31d2100d30a43916e5d8e2b744e8b7.jpg,640,640,number-of-bus,86,265,99,296
image-416-127_jpg.rf.8c43c4456b388a0f252e2171905613b8.jpg,640,640,number-of-bus,214,145,243,188
image-88-90_jpg.rf.8c4984148566a2eb9eba6ce03204cf98.jpg,640,640,number-of-bus,241,207,269,250
image-421-120_jpg.rf.8c6c99e6c12d4f6d4259afe6ab333ead.jpg,640,640,number-of-bus,247,419,259,429
image-431-120_jpg.rf.8c822c172ced5759a53802c1400e15e3.jpg,640,640,number-of-bus,308,401,328,414
image-760-46_jpg.rf.8ee2bd8711e9b1f09b8d8c972c49bf1a.jpg,640,640,number-of-bus,298,406,314,429
image-524-116_jpg.rf.8e2e1743ab4ae15e234776115dcd58cf.jpg,640,640,number-of-bus,221,246,245,271
image-524-116_jpg.rf.8e2e1743ab4ae15e234776115dcd58cf.jpg,640,640,number-of-bus,200,297,212,305
image-74-284_jpg.rf.8f446b91536cd8743a3400946e183657.jpg,640,640,number-of-bus,354,314,386,353
image-716-5_jpg.rf.8f940ddfab3097863678e9324ebaea78.jpg,640,640,number-of-bus,285,253,311,295
image-716-5_jpg.rf.8f940ddfab3097863678e9324ebaea78.jpg,640,640,number-of-bus,287,213,310,241
image-188-837_jpg.rf.8fd6e61ffdf8d21b5def475c8e43142e.jpg,640,640,number-of-bus,412,401,439,427
image-188-837_jpg.rf.8fd6e61ffdf8d21b5def475c8e43142e.jpg,640,640,number-of-bus,443,279,468,304
image-161-26_jpg.rf.8fdb9260bb716a426b5e68357bdfec70.jpg,640,640,number-of-bus,160,350,181,380
image-161-26_jpg.rf.8fdb9260bb716a426b5e68357bdfec70.jpg,640,640,number-of-bus,156,280,170,303
image-576-79_jpg.rf.8fd831638f412237fc9e0ae85db038de.jpg,640,640,number-of-bus,419,241,434,261
image-94-90_jpg.rf.8ff847004259405510acd3b71fdbb697.jpg,640,640,number-of-bus,383,227,403,265
image-55-11_jpg.rf.905eba8b0d7a415df27203c58db8c348.jpg,640,640,number-of-bus,217,136,258,182
image-503-31_jpg.rf.907df08b25c65ef35f1fdd52536c3968.jpg,640,640,number-of-bus,314,444,335,475
image-526-156_jpg.rf.91da8fde5b2333ba839c5f5cb56152e0.jpg,640,640,number-of-bus,313,325,345,341
image-216-100_jpg.rf.91fbe666c5cd5d752960d39bb4b537df.jpg,640,640,number-of-bus,333,350,353,370
image-566-55_jpg.rf.926018c0e3dbf1d9737bcc63ad93707e.jpg,640,640,number-of-bus,249,341,270,380
image-473-8_jpg.rf.92816cc2f4b634be70cda935ce2bf043.jpg,640,640,number-of-bus,340,474,349,492
image-281-159_jpg.rf.93b70c3b178f8d252cd7d725a646bce6.jpg,640,640,number-of-bus,178,285,201,305
image-735-547_jpg.rf.943bbb3bee3e7e350cda6166344e5c56.jpg,640,640,number-of-bus,308,304,325,321
image-381-218_jpg.rf.943d5edbf4c39b0f1a44b1d0dda4c2dc.jpg,640,640,number-of-bus,330,277,352,304
image-372-228_jpg.rf.950d1c731d7c7b5e6846d2236f8040ac.jpg,640,640,number-of-bus,300,237,319,265
image-289-950_jpg.rf.9631c4defc1b7709a43a70d54414749b.jpg,640,640,number-of-bus,116,192,140,207
image-240-8_jpg.rf.956042a9a382542c3e843d8e1bbcf203.jpg,640,640,number-of-bus,243,348,258,368
image-764-45_jpg.rf.974ee934ae60b9b2414758f3b461b849.jpg,640,640,number-of-bus,378,359,395,385
image-568-530_jpg.rf.9798daa7e556eb888b0440c40e2c4e27.jpg,640,640,number-of-bus,322,313,341,328
image-273-73_jpg.rf.97c0151851ab1c5955462737c415f294.jpg,640,640,number-of-bus,110,277,128,298
image-483-24_jpg.rf.9849f842244c98b982ff9275dcc3d176.jpg,640,640,number-of-bus,343,392,361,420
image-423-20_jpg.rf.98d6f5934ef883a5541c3fb97e663133.jpg,640,640,number-of-bus,240,178,264,208
image-591-46_jpg.rf.99364a5b3dedb0520c9525616c7d7514.jpg,640,640,number-of-bus,281,420,294,433
image-591-46_jpg.rf.99364a5b3dedb0520c9525616c7d7514.jpg,640,640,number-of-bus,286,406,296,416
image-21-6_jpg.rf.994b00c6a2a874b9e01511a5dc102a76.jpg,640,640,number-of-bus,409,165,425,213
image-21-6_jpg.rf.994b00c6a2a874b9e01511a5dc102a76.jpg,640,640,number-of-bus,212,211,224,231
image-551-17_jpg.rf.99b79a23ac7cecab1b235f8581a2a344.jpg,640,640,number-of-bus,346,382,363,413
image-551-17_jpg.rf.99b79a23ac7cecab1b235f8581a2a344.jpg,640,640,number-of-bus,188,348,203,378
image-303-217_jpg.rf.9af9b5a94cc0bd85895997387fb271bf.jpg,640,640,number-of-bus,149,212,170,242
image-178-720_jpg.rf.9b47ed634220be89bb1ba59bb0d0971a.jpg,640,640,number-of-bus,475,396,490,419
image-178-720_jpg.rf.9b47ed634220be89bb1ba59bb0d0971a.jpg,640,640,number-of-bus,359,348,371,368
image-727-35_jpg.rf.9df32f9f306c11d4983083df25e9091a.jpg,640,640,number-of-bus,181,247,206,273
image-727-35_jpg.rf.9df32f9f306c11d4983083df25e9091a.jpg,640,640,number-of-bus,161,305,178,324
image-763-45_jpg.rf.9c344a4f0464f8376907c3bfc25b1a1d.jpg,640,640,number-of-bus,152,401,168,429
image-210-26_jpg.rf.9e91743c50874b17da6ceeb2d953ac9d.jpg,640,640,number-of-bus,316,341,336,363
image-559-113_jpg.rf.9f0606250d57e7d79620bce4537b1b00.jpg,640,640,number-of-bus,210,319,229,340
image-426-84_jpg.rf.9fbd450a2ffc3c1c716761cbe597e01b.jpg,640,640,number-of-bus,155,346,176,384
image-219-100_jpg.rf.a042629aef90d846493df338a8d72ab7.jpg,640,640,number-of-bus,343,356,360,374
image-184-46_jpg.rf.a06a9c3f0587f398ab21a1fc864abdf1.jpg,640,640,number-of-bus,321,399,339,419
image-184-46_jpg.rf.a06a9c3f0587f398ab21a1fc864abdf1.jpg,640,640,number-of-bus,272,340,287,356
image-22-284_jpg.rf.a0a574da262dae4892986b36dbd8cb9d.jpg,640,640,number-of-bus,193,62,257,126
image-750-262_jpg.rf.a114e5aecba16ac956ad699ae6185f98.jpg,640,640,number-of-bus,244,250,280,275
image-329-266_jpg.rf.a17a5d8a8e285af69e7584a97df74155.jpg,640,640,number-of-bus,244,273,264,306
image-142-90_jpg.rf.a1e92cee5b2717aece958beccff6e459.jpg,640,640,number-of-bus,275,345,301,375
image-67-299_jpg.rf.a24f501a829e5a38270832c4faee37bd.jpg,640,640,number-of-bus,135,382,152,413
image-762-45_jpg.rf.a2b0e7f1e1f13b6294334a82eaa55c44.jpg,640,640,number-of-bus,412,246,439,291
image-283-159_jpg.rf.a2c1cc84f9e9e8234d262d9486f341fb.jpg,640,640,number-of-bus,209,317,226,338
image-62-90_jpg.rf.a30a538094c53bb3bc3805d3e7ce728c.jpg,640,640,number-of-bus,267,304,291,343
image-314-266_jpg.rf.a31b1e447852950ca3864049118b6bc9.jpg,640,640,number-of-bus,184,224,202,257
image-314-266_jpg.rf.a31b1e447852950ca3864049118b6bc9.jpg,640,640,number-of-bus,350,302,361,330
image-742-35_jpg.rf.a4f251d72317ca513088454c319f8501.jpg,640,640,number-of-bus,234,213,268,252
image-742-35_jpg.rf.a4f251d72317ca513088454c319f8501.jpg,640,640,number-of-bus,208,273,228,296
image-472-8_jpg.rf.a4b15dacb233dc2bbc1562c644000666.jpg,640,640,number-of-bus,261,325,272,344
image-472-8_jpg.rf.a4b15dacb233dc2bbc1562c644000666.jpg,640,640,number-of-bus,222,450,233,469
image-508-30_jpg.rf.a5342a124357bd613e8b3f4cad781c0d.jpg,640,640,number-of-bus,339,301,362,336
image-111-12_jpg.rf.a66da8e83f45f7da0ab2361e552eaeaf.jpg,640,640,number-of-bus,185,341,205,368
image-111-12_jpg.rf.a66da8e83f45f7da0ab2361e552eaeaf.jpg,640,640,number-of-bus,149,386,159,405
image-445-7_jpg.rf.a776b98a9e0d3fb4d3a300ad9f2181db.jpg,640,640,number-of-bus,264,230,289,279
image-429-80_jpg.rf.a78c959632fa722fda5494bb89952216.jpg,640,640,number-of-bus,322,329,352,360
image-29-90_jpg.rf.a9a4d677f567deabc6d1b7f7e9517bce.jpg,640,640,number-of-bus,280,115,321,179
image-754-262_jpg.rf.a9b0c7c3ba735c300983c8e611c13f6d.jpg,640,640,number-of-bus,269,270,302,290
image-525-158_jpg.rf.aa51b31aceb303302fa7db67f64b52ec.jpg,640,640,number-of-bus,265,262,296,283
image-525-158_jpg.rf.aa51b31aceb303302fa7db67f64b52ec.jpg,640,640,number-of-bus,149,239,161,269
image-45-6_jpg.rf.a9b7b3417de8e3fb5a2ca4498f688c86.jpg,640,640,number-of-bus,240,201,271,238
image-223-8_jpg.rf.ab394b4d74860a532bb1b38153163bff.jpg,640,640,number-of-bus,194,364,206,379
image-335-32_jpg.rf.ab8a8b43c9f60357cd54bd05de01bca8.jpg,640,640,number-of-bus,302,108,332,152
image-800-56_jpg.rf.abcb0f05aff09d57740194cbf7c1df70.jpg,640,640,number-of-bus,157,190,198,237
image-102-6_jpg.rf.abd7f59332d22879015192ba2427c15c.jpg,640,640,number-of-bus,194,276,212,320
image-347-46_jpg.rf.ad2fb843e1fe64b9a2f254778d7228e6.jpg,640,640,number-of-bus,265,240,301,305
image-347-46_jpg.rf.ad2fb843e1fe64b9a2f254778d7228e6.jpg,640,640,number-of-bus,398,196,412,226
image-705-30_jpg.rf.ad5a27b937625cd2090b0a24ed2e7f9f.jpg,640,640,number-of-bus,289,310,301,329
image-56-11_jpg.rf.ad6eb6e0a350953e0094ecdf94cf75cd.jpg,640,640,number-of-bus,376,122,407,172
image-200-8_jpg.rf.adfa772164fcc0ff218e5529d4cd27b3.jpg,640,640,number-of-bus,378,275,391,298
image-585-50_jpg.rf.ae1763c15de8ae2c7959c716142f6938.jpg,640,640,number-of-bus,271,380,291,413
image-585-50_jpg.rf.ae1763c15de8ae2c7959c716142f6938.jpg,640,640,number-of-bus,259,300,272,319
image-59-6_jpg.rf.ae2d30ca88f91fcbbe04130fd6654d32.jpg,640,640,number-of-bus,246,120,262,141
image-100-6_jpg.rf.ae4cdd6bb174ec94e9a8828bed2aea8b.jpg,640,640,number-of-bus,459,229,477,282
image-377-12_jpg.rf.af2e93b30b38d89ccb39d9f97902fd8e.jpg,640,640,number-of-bus,427,389,453,420
image-377-12_jpg.rf.af2e93b30b38d89ccb39d9f97902fd8e.jpg,640,640,number-of-bus,213,228,226,263
image-456-18_jpg.rf.afca82e61590fca1ba2910722c03cb3a.jpg,640,640,number-of-bus,422,363,453,399
image-470-8_jpg.rf.b095d3a2b0cac89b25352316dd44c4fb.jpg,640,640,number-of-bus,424,227,438,254
image-470-8_jpg.rf.b095d3a2b0cac89b25352316dd44c4fb.jpg,640,640,number-of-bus,380,408,389,433
image-538-10_jpg.rf.b22b973bcff7d4d0e577adc151f6c2d7.jpg,640,640,number-of-bus,278,375,292,395
image-793-57_jpg.rf.b23d4c501fbf638626277af7fd82bc7e.jpg,640,640,number-of-bus,259,238,293,271
image-280-159_jpg.rf.b24a4d4f9d006d0b473bf27a579c07cf.jpg,640,640,number-of-bus,240,377,253,389
image-131-246_jpg.rf.b2787a3888ecc96947b2056d0ea033cc.jpg,640,640,number-of-bus,144,358,158,383
image-38-90_jpg.rf.b3037b13fa5b7c2f83d2b339a02f410c.jpg,640,640,number-of-bus,373,123,425,178
image-38-90_jpg.rf.b3037b13fa5b7c2f83d2b339a02f410c.jpg,640,640,number-of-bus,248,221,261,249
image-577-79_jpg.rf.b365fd4b129493d10af99b676fe8bd90.jpg,640,640,number-of-bus,407,209,423,227
image-783-173_jpg.rf.b3e4e6f9f4928807a7ccf5433c8a10e7.jpg,640,640,number-of-bus,342,249,370,271
image-274-68_jpg.rf.b42c08bca6c37557796fcffb6a417372.jpg,640,640,number-of-bus,344,337,362,351
image-475-8_jpg.rf.b4d7c65a84077a2d29aff7101bfce06f.jpg,640,640,number-of-bus,350,389,365,422
image-285-96_jpg.rf.b5fff39dbe7a68590c3d6f84c542ce01.jpg,640,640,number-of-bus,160,294,184,317
image-799-228_jpg.rf.b6fe8d1c42e2114ff7f10ede878e3d33.jpg,640,640,number-of-bus,204,228,229,263
image-351-46_jpg.rf.b795f88e0a80e50e92ca484b4318895c.jpg,640,640,number-of-bus,384,304,410,337
image-351-46_jpg.rf.b795f88e0a80e50e92ca484b4318895c.jpg,640,640,number-of-bus,294,229,316,254
image-301-41_jpg.rf.b7cab3a36ea305e48511eed8327348b8.jpg,640,640,number-of-bus,222,241,237,262
image-211-95_jpg.rf.b88379342fd307715dd0e4872578188b.jpg,640,640,number-of-bus,309,246,337,274
image-725-35_jpg.rf.b8afec20abfc742588cad8ceafb7786c.jpg,640,640,number-of-bus,290,219,334,251
image-154-16_jpg.rf.b8e0114781ea4841a7a69f959c0600cf.jpg,640,640,number-of-bus,208,353,236,388
image-123-90_jpg.rf.ba403243fd9389b7181b5a0f95ba4371.jpg,640,640,number-of-bus,229,273,239,296
image-123-90_jpg.rf.ba403243fd9389b7181b5a0f95ba4371.jpg,640,640,number-of-bus,467,273,489,300
image-145-90_jpg.rf.bc2bff49c8fdf9c391244639aebf39e0.jpg,640,640,number-of-bus,184,217,226,271
image-782-45_jpg.rf.bc59c1bbdcd0d86ca18292eccf11f7a8.jpg,640,640,number-of-bus,174,212,213,241
image-411-427_jpg.rf.bd0f952d03041b0a3253198f4af7a728.jpg,640,640,number-of-bus,165,355,185,381
image-511-27_jpg.rf.be3221b01e0946d480a51be5d267bec0.jpg,640,640,number-of-bus,242,180,251,194
image-511-27_jpg.rf.be3221b01e0946d480a51be5d267bec0.jpg,640,640,number-of-bus,237,287,262,325
image-457-67_jpg.rf.bf2a61aeb8869d4bc1bd1a4ff70194e4.jpg,640,640,number-of-bus,163,395,176,417
image-391-524_jpg.rf.bfaa2d336622009431f18a5644bd3b30.jpg,640,640,number-of-bus,235,311,248,324
image-363-96_jpg.rf.c0cbbf727b9c13a750b00671d148052f.jpg,640,640,number-of-bus,349,414,389,440
image-363-96_jpg.rf.c0cbbf727b9c13a750b00671d148052f.jpg,640,640,number-of-bus,337,332,360,350
image-376-171_jpg.rf.bd69902888590bf581e80d6c0e6ee856.jpg,640,640,number-of-bus,193,327,214,347
image-271-36_jpg.rf.c11b944d5154c86f891faed34f187e72.jpg,640,640,number-of-bus,242,428,254,440
image-791-24_jpg.rf.c17b013ba2d388512ddb0f5b78217ae8.jpg,640,640,number-of-bus,296,256,319,276
image-791-24_jpg.rf.c17b013ba2d388512ddb0f5b78217ae8.jpg,640,640,number-of-bus,293,295,315,322
image-239-95_jpg.rf.c1cfecb8e2bb4302e4d71fd8273f692d.jpg,640,640,number-of-bus,300,404,314,416
image-239-95_jpg.rf.c1cfecb8e2bb4302e4d71fd8273f692d.jpg,640,640,number-of-bus,289,479,295,489
image-114-90_jpg.rf.c1d5458f56882ef0f01888d4bfb1a60b.jpg,640,640,number-of-bus,354,205,396,261
image-8-53_jpg.rf.c20166676c65c1f004a8bc5f0285774a.jpg,640,640,number-of-bus,288,205,315,250
image-266-36_jpg.rf.c2d2c5a070d68915099648c5495531d4.jpg,640,640,number-of-bus,287,276,309,300
image-770-45_jpg.rf.c396b6594358ead5a333eb935aecdcd8.jpg,640,640,number-of-bus,377,359,396,395
image-147-83_jpg.rf.c4a6a6d85e9c1f54dc88bdfa22c5a206.jpg,640,640,number-of-bus,270,357,292,385
image-147-83_jpg.rf.c4a6a6d85e9c1f54dc88bdfa22c5a206.jpg,640,640,number-of-bus,265,272,280,294
image-244-275_jpg.rf.c4b2d28fe4402610e6453c9d9344ef1e.jpg,640,640,number-of-bus,334,165,359,192
image-776-20_jpg.rf.c4fe65b720b114433579d0085c46fa60.jpg,640,640,number-of-bus,226,287,237,302
image-776-20_jpg.rf.c4fe65b720b114433579d0085c46fa60.jpg,640,640,number-of-bus,208,374,222,397
image-459-8_jpg.rf.c5e1322bf4ba06cd7a02af934dfe60e9.jpg,640,640,number-of-bus,312,375,325,399
image-330-266_jpg.rf.c6670ff72f313d95bfcd8915a5693e4e.jpg,640,640,number-of-bus,248,258,261,275
image-399-427_jpg.rf.c66737d844985114c4aa48aba9fae40b.jpg,640,640,number-of-bus,303,412,319,437
image-378-171_jpg.rf.c7b2bcd07ed3a76d3c6b56176eb36769.jpg,640,640,number-of-bus,318,295,349,327
image-402-128_jpg.rf.c8130a15d10a073c7dbb0255e74e2c13.jpg,640,640,number-of-bus,347,419,362,438
image-402-128_jpg.rf.c8130a15d10a073c7dbb0255e74e2c13.jpg,640,640,number-of-bus,346,329,359,350
image-357-106_jpg.rf.c895a6287cbff5aa2be77e3afcb5f456.jpg,640,640,number-of-bus,348,334,370,356
image-766-45_jpg.rf.c8ad1a14e9e943c25735ee382e895db9.jpg,640,640,number-of-bus,440,247,469,298
image-746-325_jpg.rf.ca0e8fd6ed8452df7eefbfde7c2e27b5.jpg,640,640,number-of-bus,211,269,253,302
image-746-325_jpg.rf.ca0e8fd6ed8452df7eefbfde7c2e27b5.jpg,640,640,number-of-bus,251,275,278,294
image-309-217_jpg.rf.ca8ba945e213078ef217254bc1075516.jpg,640,640,number-of-bus,328,359,352,389
image-757-46_jpg.rf.cbe418a34ccfbfa8a3dbd58b45db06e4.jpg,640,640,number-of-bus,164,408,178,434
image-362-52_jpg.rf.cde00367fe6719add23e0cc23065cad8.jpg,640,640,number-of-bus,235,293,263,313
image-84-11_jpg.rf.ce0b3a9ad1c77fa795dc030a7c77faad.jpg,640,640,number-of-bus,465,168,493,210
image-729-43_jpg.rf.cfacbbcf62152273a5125717de7ce9a3.jpg,640,640,number-of-bus,301,218,325,242
image-729-43_jpg.rf.cfacbbcf62152273a5125717de7ce9a3.jpg,640,640,number-of-bus,316,252,330,275
image-729-43_jpg.rf.cfacbbcf62152273a5125717de7ce9a3.jpg,640,640,number-of-bus,280,385,293,411
image-484-43_jpg.rf.d1008a8077f5c480a3390b3c9322a858.jpg,640,640,number-of-bus,311,399,336,442
image-541-3_jpg.rf.d123704605b1702a1fb9c73c18e9e7ef.jpg,640,640,number-of-bus,336,234,363,268
image-541-3_jpg.rf.d123704605b1702a1fb9c73c18e9e7ef.jpg,640,640,number-of-bus,368,328,392,361
image-541-3_jpg.rf.d123704605b1702a1fb9c73c18e9e7ef.jpg,640,640,number-of-bus,124,299,139,344
image-586-30_jpg.rf.ca8a770e78ff559ec12932625734e71e.jpg,640,640,number-of-bus,273,309,284,326
image-194-91_jpg.rf.d1896661b0376225722cfb82e0c70f39.jpg,640,640,number-of-bus,329,350,347,368
image-528-22_jpg.rf.d1e83bd16d73fa1977478c67359afb53.jpg,640,640,number-of-bus,258,339,281,359
image-523-116_jpg.rf.d24c5da2760b7bd4c034a25788071343.jpg,640,640,number-of-bus,296,212,320,238
image-768-45_jpg.rf.d264164bf09da5260fa6146403584156.jpg,640,640,number-of-bus,110,382,128,418
image-768-45_jpg.rf.d264164bf09da5260fa6146403584156.jpg,640,640,number-of-bus,176,190,205,232
image-726-20_jpg.rf.d31a3c46a8eabbdd522e295144bc5415.jpg,640,640,number-of-bus,482,176,503,208
image-787-24_jpg.rf.d3c4976ab15de697d8ed314aa684dc6f.jpg,640,640,number-of-bus,452,201,476,239
image-560-695_jpg.rf.d3e396a3e3010e9c85d7cbbdbb2d7e6b.jpg,640,640,number-of-bus,397,271,415,297
image-358-101_jpg.rf.d453766513f962b065f5b4fd5c9ff2a2.jpg,640,640,number-of-bus,311,362,336,386
image-358-101_jpg.rf.d453766513f962b065f5b4fd5c9ff2a2.jpg,640,640,number-of-bus,290,216,308,240
image-337-417_jpg.rf.d462368e92a842d02d33f9b7374a7520.jpg,640,640,number-of-bus,235,288,258,316
image-337-417_jpg.rf.d462368e92a842d02d33f9b7374a7520.jpg,640,640,number-of-bus,246,181,262,206
image-66-22_jpg.rf.d4847e68903c1b0ad5fbe3e00639e997.jpg,640,640,number-of-bus,388,426,404,449
image-798-422_jpg.rf.d4ca6f1c0136540ca41bffc3358c2efe.jpg,640,640,number-of-bus,244,143,288,189
image-242-95_jpg.rf.d60033ab063d1cd81abf0da64335fc64.jpg,640,640,number-of-bus,126,160,144,189
image-469-8_jpg.rf.d63e58cbf5561660d9b1ef698e865e46.jpg,640,640,number-of-bus,238,307,253,337
image-469-8_jpg.rf.d63e58cbf5561660d9b1ef698e865e46.jpg,640,640,number-of-bus,188,450,199,474
image-761-45_jpg.rf.d7283e55e7b7ad00942176be8815c643.jpg,640,640,number-of-bus,266,389,284,417
image-128-90_jpg.rf.d7ff62c13dd03f605178413574b7c3e0.jpg,640,640,number-of-bus,364,215,397,252
image-53-11_jpg.rf.d808b9e0d61c48551d84b1ff2bdea9b7.jpg,640,640,number-of-bus,277,140,312,187
image-83-90_jpg.rf.d83615aeeccbaffc10dc59a59715c0a9.jpg,640,640,number-of-bus,227,303,247,342
image-15-53_jpg.rf.d8c0848405b40ca3987c71cf85f49bde.jpg,640,640,number-of-bus,302,173,348,235
image-553-18_jpg.rf.d9a3df3683b5085b6522fc4b903df583.jpg,640,640,number-of-bus,377,266,396,284
image-494-33_jpg.rf.d9faf4e4364bbf689cb9d3522a00e99f.jpg,640,640,number-of-bus,260,337,286,396
image-44-90_jpg.rf.da1f7e0a9b5dede76d39e7dbcc3b7adf.jpg,640,640,number-of-bus,350,240,387,288
image-463-8_jpg.rf.dbca306a9daa3ea340f7b76c8e3c72bd.jpg,640,640,number-of-bus,206,265,215,289
image-463-8_jpg.rf.dbca306a9daa3ea340f7b76c8e3c72bd.jpg,640,640,number-of-bus,170,398,179,417
image-371-228_jpg.rf.dc1af4aea573b01cd3902b93ca6b6fc2.jpg,640,640,number-of-bus,215,322,231,340
image-166-26_jpg.rf.dd0ab8b6674b75fd3c995a0e7dba4670.jpg,640,640,number-of-bus,228,332,244,354
image-441-28_jpg.rf.dd53a84f14c66bb012e435e2d647a69e.jpg,640,640,number-of-bus,387,151,424,198
image-69-3_jpg.rf.de064b7b3f912a407417384e15abcd36.jpg,640,640,number-of-bus,223,334,238,361
image-23-90_jpg.rf.de18be8bcbfdeff9043af70990ad9548.jpg,640,640,number-of-bus,331,214,368,262
image-515-27_jpg.rf.de91a367d4d2279591575129aa2bc0d8.jpg,640,640,number-of-bus,304,273,318,285
image-515-27_jpg.rf.de91a367d4d2279591575129aa2bc0d8.jpg,640,640,number-of-bus,302,358,320,378
image-515-27_jpg.rf.de91a367d4d2279591575129aa2bc0d8.jpg,640,640,number-of-bus,184,321,193,350
image-797-193_jpg.rf.de92a04f2a28a59413779fa93f109786.jpg,640,640,number-of-bus,370,319,405,349
image-471-8_jpg.rf.dea404fb36fedc8cd1292597a08c60ce.jpg,640,640,number-of-bus,431,264,444,290
image-471-8_jpg.rf.dea404fb36fedc8cd1292597a08c60ce.jpg,640,640,number-of-bus,408,432,418,458
image-430-99_jpg.rf.df551a8b75c42a0ad2bee19d942839eb.jpg,640,640,number-of-bus,279,337,305,365
image-430-99_jpg.rf.df551a8b75c42a0ad2bee19d942839eb.jpg,640,640,number-of-bus,324,396,344,426
image-430-99_jpg.rf.df551a8b75c42a0ad2bee19d942839eb.jpg,640,640,number-of-bus,177,384,185,415
image-574-30_jpg.rf.e0f401c36a0f1826b035a6b55ab6fd47.jpg,640,640,number-of-bus,312,247,327,268
image-574-30_jpg.rf.e0f401c36a0f1826b035a6b55ab6fd47.jpg,640,640,number-of-bus,278,417,295,446
image-480-55_jpg.rf.dfb4b0928f49801d88fc47c814377eec.jpg,640,640,number-of-bus,272,377,299,415
image-410-427_jpg.rf.e21a70185839383b37abb98f8c618745.jpg,640,640,number-of-bus,449,250,468,276
image-410-427_jpg.rf.e21a70185839383b37abb98f8c618745.jpg,640,640,number-of-bus,187,352,199,380
image-250-3_jpg.rf.e2db7b64368e85ffec8768a59a35628c.jpg,640,640,number-of-bus,338,375,355,401
image-491-43_jpg.rf.e3f8d013bde31472939927fee461f92c.jpg,640,640,number-of-bus,218,411,234,437
image-491-43_jpg.rf.e3f8d013bde31472939927fee461f92c.jpg,640,640,number-of-bus,239,278,260,310
image-63-53_jpg.rf.e3eb7322dd7d4e2c1fdcf7088edb0d2f.jpg,640,640,number-of-bus,327,117,364,170
image-209-3_jpg.rf.e486c05f85955d6fbfc785fa8f5c62db.jpg,640,640,number-of-bus,427,342,438,360
image-170-99_jpg.rf.e61b9829f52a53d784cd68847df31ec3.jpg,640,640,number-of-bus,216,123,242,146
image-235-100_jpg.rf.e5e0f42fcd64366b961828e3b9754e6e.jpg,640,640,number-of-bus,245,343,258,359
image-191-37_jpg.rf.e623c7a31f03d591a945ecfb38c26fcd.jpg,640,640,number-of-bus,92,293,104,309
image-186-37_jpg.rf.e653e921d3f3e2296007714d42ee8dd1.jpg,640,640,number-of-bus,395,332,406,355
image-311-2_jpg.rf.e68b1bfa97ca52fdcac50dee2f00995a.jpg,640,640,number-of-bus,249,342,269,380
image-352-67_jpg.rf.e76d314915222ba197cf5e8e5eeea4c7.jpg,640,640,number-of-bus,167,284,178,314
image-352-67_jpg.rf.e76d314915222ba197cf5e8e5eeea4c7.jpg,640,640,number-of-bus,268,255,274,282
image-352-67_jpg.rf.e76d314915222ba197cf5e8e5eeea4c7.jpg,640,640,number-of-bus,362,252,378,272
image-192-148_jpg.rf.e7957e0e57c8d67ffa4c5b334e711dff.jpg,640,640,number-of-bus,380,208,409,233
image-368-171_jpg.rf.e9094e2c7f696a4f5e9770f0780f336a.jpg,640,640,number-of-bus,200,343,213,388
image-368-171_jpg.rf.e9094e2c7f696a4f5e9770f0780f336a.jpg,640,640,number-of-bus,422,248,437,270
image-175-94_jpg.rf.eb03845eb1335c3e190761f84ceb7340.jpg,640,640,number-of-bus,376,306,397,330
image-175-94_jpg.rf.eb03845eb1335c3e190761f84ceb7340.jpg,640,640,number-of-bus,321,219,346,241
image-297-15_jpg.rf.e9a3388a22ba5e1a61fa3afe9abbe98e.jpg,640,640,number-of-bus,382,286,402,323
image-297-15_jpg.rf.e9a3388a22ba5e1a61fa3afe9abbe98e.jpg,640,640,number-of-bus,196,342,203,359
image-293-15_jpg.rf.eb1642b29e41a347ddc114c7c3feac5a.jpg,640,640,number-of-bus,238,390,243,405
image-293-15_jpg.rf.eb1642b29e41a347ddc114c7c3feac5a.jpg,640,640,number-of-bus,415,362,430,387
image-103-90_jpg.rf.eb8a37237f67af983e48a69311cdd230.jpg,640,640,number-of-bus,263,153,318,204
image-208-3_jpg.rf.e9ee0395aefcc3d8bde0b6ca1ce2e45e.jpg,640,640,number-of-bus,283,345,310,371